fileprocess-main.json,,
S.No,Issue,Resolution
1,The doc:id attribute is missing in every mule-snippet.,"The doc:id attribute is required
Example:
doc:id=""26a1a3d4-72b8-403f-befb-80d8dd4054c0"""
2,"The line File file = new File(filePath); has been incorrectly replaced with a variable.
We need to use file read functionality instead.","Example:
<file:read doc:name=""Read"" doc:id=""4206d28a-4142-4d4d-86b5-10d0c263cd21"" config-ref=""File_Config"" path=""/sample.json""/>"
3,"The expression
""xpath"": ""#[Java::invoke('java.io.File', 'exists()', vars.file)]""
is not correct in Mule.",working on this will update tomorrow
4,"The tag HTTPResponse is invalid in Mule, as there is no such tag. This functionality should be handled through the Listener's Responses tab instead.","Example:
<http:listener doc:name=""Listener"" doc:id=""2bed7388-cbfc-4429-be49-ca18b9e35583"" config-ref=""HTTP_Listener_config"" path=""/createFile"">
			<http:response statusCode=""#[vars.httpStatus]"" >
				<http:headers ><![CDATA[#[{
	""Content-Type"": ""application/json""
}]]]></http:headers>
			</http:response>
		</http:listener>"
5,"In the on-error-propagate element, only the type attribute is present. The following required attributes are missing:

enableNotifications=""true""

logException=""true""

doc:name=""On Error Propagate""

doc:id=""26a1a3d4-72b8-403f-befb-80d8dd4054c0""","Example:
<on-error-propagate enableNotifications=""true"" logException=""true"" doc:name=""On Error Propagate"" doc:id=""26a1a3d4-72b8-403f-befb-80d8dd4054c0"" type=""VALIDATION:NULL"">
			</on-error-propagate>"
6,"In the Transform Message, the key type is used in the JSON data. 
Since type is a reserved word in Mule, it must be enclosed in double quotes (""type"") to avoid syntax errors.","Example:
%dw 2.0
output application/json
---
{
    ""type"": ""JSON""
}"
,,
global-config.json,,
S.No,Issue,
1,"In the HTTPListenerConfig, within the http:listener-connection element, the doc:name attribute is being included, which is not required. It is an extra tag and should be removed.",The doc:name attribute needs to be removed.
2,"In the FileConfig, the doc:name attribute inside the file:connection tag is not required and is considered an extra/unnecessary tag.",The doc:name attribute needs to be removed.
3,The JMSConfig is not in the proper structure and needs to be corrected to follow the expected Mule configuration format.,"Example:
<jms:config name=""JMS_Config"" doc:name=""JMS Config"" doc:id=""c9b93ec2-abfd-44ea-ad45-f16ab33042e4"" >
		<jms:active-mq-connection username=""${jms.username}"" password=""${jms.password}"">
			<jms:factory-configuration brokerUrl=""${jms.broker.url}"" />
		</jms:active-mq-connection>
	</jms:config>"
4,The GlobalProperty is being used unnecessarily. We can directly reference the properties in the configuration without defining a separate GlobalProperty.,The GlobalProperty needs to be removed.
,,
fileprocessor-implementations.json,,
S.No,Issue,
1,"In the Flow, the doc:name attribute is not required and is considered an extra tag. It can be removed.",The doc:name attribute needs to be removed.
2,"In the variable value #[lower(vars.file.getName())], the .getName() part is not required.
It can be simplified to:
#[lower(vars.file)]
— assuming vars.file already contains the filename as a string.",
3,"In the SubFlow, the doc:name attribute is not required and is considered an extra tag. It can be removed.",The doc:name attribute needs to be removed.
4,The FileWrite component is not in the proper structure and needs to be corrected to follow the expected Mule 4 configuration format.,"Example:
<file:write doc:name=""Write"" doc:id=""0d426d58-69b5-4afa-82c3-c1c4609078d3"" config-ref=""File_Config"" path=""C:\Files\SpringBoot-Mule-Files\Spring-Mule.txt"" mode=""APPEND"">
			<file:content ><![CDATA[This is a migration prcoess from SpringBoot to MuleSoft]]></file:content>
		</file:write>"
5,"In the on-error-continue element, The following required attributes are missing:

enableNotifications=""true""

logException=""true""

doc:name=""On Error Continue""

doc:id=""26a1a3d4-72b8-403f-befb-80d8dd4054c0""
type=""VALIDATION:NULL""","Example:
<on-error-continue enableNotifications=""true"" logException=""true"" doc:name=""On Error Continue"" doc:id=""26a1a3d4-72b8-403f-befb-80d8dd4054c0"" type=""VALIDATION:NULL"">
			</on-error-continue>"
6,"For JMS Publish, if the input is payload, the default tag will work correctly.
However, if the input is something other than payload, the tag must be updated accordingly to reflect the correct input source.","Example:
<jms:publish doc:name=""Publish"" doc:id=""342273ae-f8ff-47df-ae03-5cb29e73e97d"" config-ref=""JMS_Config"" destination=""sample.queue"">
			<jms:message >
				<jms:body ><![CDATA[This is a sample message]]></jms:body>
			</jms:message>
		</jms:publish>"
Json Structure Issues,,
1,"Parent ID should be [0] if first activity, else [previous activity sequenceId].",
2,"choice, when and otherwise should not be considered as activity. Instead the expression in the choice router should be mentioned in the links under xpath and condition type as xpath. For otherwise condition type should be otherwise 
Eg:
Input snippet

System.out.println(""Filepath : ""+filepath);
if (!file.exists()) return ResponseEntity.badRequest().body(""File not found"");
		
boolean status = fileProcessingService.routeFile(file);
return ResponseEntity.ok(""File processed: "" + (status ? ""Success"" : ""Failure""));


output Json

{
components: [
	.
	.
	.
   {
      ""activityType"": ""Logger"",
      ""activityConfig"": ""System.out.println(""Filepath : ""+filepath);"",
      ""config"": """",
      ""code"": ""<logger level=\""INFO\"" message='#[\""Processing file: \"" ++ vars.filePath]' doc:name=\""Log file processing\""/>"",
      ""name"": ""logFileProcessing"",
      ""parentId"": [5],
      ""sequenceId"": 6,
      ""start"": ""false"",
      ""type"": ""activity"",
      ""activityDescription"": ""Log file processing start"",
      ""summary"": {
        ""sourceType"": ""System.out.println"",
        ""targetType"": ""Logger"",
        ""simFound"": true,
        ""codeGenerated"": true
      },
      {
      ""activityType"": ""Logger"",
      ""activityConfig"": ""Log file not found"",
      ""config"": """",
      ""code"": ""<logger level=\""WARN\"" message='#[\""File not found: \"" ++ vars.filePath]' doc:name=\""Log file not found\""/>"",
      ""name"": ""logFileNotFound"",
      ""parentId"": [6],
      ""sequenceId"": 7,
      ""start"": ""false"",
      ""type"": ""activity"",
      ""activityDescription"": ""Log warning when file is not found"",
      ""summary"": {
        ""sourceType"": ""Logger"",
        ""targetType"": ""Logger"",
        ""simFound"": true,
        ""codeGenerated"": true
      },
      {
      ""activityType"": ""Transform"",
      ""activityConfig"": ""return ResponseEntity.badRequest().body(\""File not found\"");"",
      ""config"": """",
      ""code"": ""<ee:transform doc:name=\""Build Error Response\"">\n    <ee:message>\n        <ee:set-payload><![CDATA[%dw 2.0\noutput application/json\n---\n{\n    error: \""File not found\"",\n    path: vars.filePath\n}]]></ee:set-payload>\n    </ee:message>\n    <ee:variables>\n        <ee:set-variable variableName=\""httpStatus\""><![CDATA[400]]></ee:set-variable>\n    </ee:variables>\n</ee:transform>"",
      ""name"": ""buildErrorResponse"",
      ""parentId"": [7],
      ""sequenceId"": 8,
      ""start"": ""false"",
      ""type"": ""activity"",
      ""activityDescription"": ""Build error response for file not found"",
      ""summary"": {
        ""sourceType"": ""ResponseEntity.badRequest"",
        ""targetType"": ""Transform"",
        ""simFound"": true,
        ""codeGenerated"": true
      },
      {
      ""activityType"": ""FlowReference"",
      ""activityConfig"": ""boolean status = fileProcessingService.routeFile(file);"",
      ""config"": """",
      ""code"": ""<flow-ref name=\""fileProcessingServiceFlow\"" doc:name=\""Process File\""/>"",
      ""name"": ""processFile"",
      ""parentId"": [6],
      ""sequenceId"": 9,
      ""start"": ""false"",
      ""type"": ""activity"",
      ""activityDescription"": ""Call file processing service to route and process file"",
      ""summary"": {
        ""sourceType"": ""Method call"",
        ""targetType"": ""FlowReference"",
        ""simFound"": true,
        ""codeGenerated"": true
      },
      {
      ""activityType"": ""Transform"",
      ""activityConfig"": ""return ResponseEntity.ok(\""File processed: \"" + (status ? \""Success\"" : \""Failure\""));"",
      ""config"": """",
      ""code"": ""<ee:transform doc:name=\""Build Success Response\"">\n    <ee:message>\n        <ee:set-payload><![CDATA[%dw 2.0\noutput application/json\n---\n{\n    message: \""File processed: \"" ++ (if (vars.status) \""Success\"" else \""Failure\""),\n    fileName: vars.file.getName(),\n    status: vars.status\n}]]></ee:set-payload>\n    </ee:message>\n    <ee:variables>\n        <ee:set-variable variableName=\""httpStatus\""><![CDATA[200]]></ee:set-variable>\n    </ee:variables>\n</ee:transform>"",
      ""name"": ""buildSuccessResponse"",
      ""parentId"": [9],
      ""sequenceId"": 10,
      ""start"": ""false"",
      ""type"": ""activity"",
      ""activityDescription"": ""Build success response with processing status"",
      ""summary"": {
        ""sourceType"": ""ResponseEntity.ok"",
        ""targetType"": ""Transform"",
        ""simFound"": true,
        ""codeGenerated"": true
      }
	.
	.
	.
],
links: [
	.
	.
	.
	{
          ""conditionType"": ""always"",
          ""description"": ""Link from HTTP Listener to Transform Message"",
          ""from"": 5,
          ""to"": 6
        },
	{
          ""conditionType"": ""xpath"",
          ""description"": ""check if file exist"",
          ""from"": 6,
          ""to"": 7,
	  ""xpath"": ""!file:exists(vars.filePath)""
        },
	{
          ""conditionType"": ""always"",
          ""description"": ""Build error response for file not found"",
          ""from"": 7,
          ""to"": 8
        },
	{
          ""conditionType"": ""otherwise"",
          ""description"": ""Call file processing service to route and process file"",
          ""from"": 6,
          ""to"": 9
        },
	{
          ""conditionType"": ""otherwise"",
          ""description"": ""Build success response with processing status"",
          ""from"": 9,
          ""to"": 10
        }
	.
	.
	.
]
      
}",
3,"All the properties data should come under global variable. Eg:
   ""globalVariables"": {
        ""http.port"": {
            ""source"": """",
            ""type"": ""sring"",
            ""value"": ""8085""
        },
        ""jms.broker.url"": {
            ""source"": """",
            ""type"": ""string"",
            ""value"": ""tcp://localhost:61616""
        }
    }",
4,All the configuration should come under global Config array and Global Elements Array,
